Pictures,Lables,,,,,
,Kenneth Warmuth,Alexander Wölfel,Abhinav Bhattacharya,Asad Ullah,MuhammadFaiz Zeeshan,
g31rhVzQ.png,daises,Daisies,Flowers,Flowers,Plants,
,meadow,Meadow,meadow,plants,Meadow,
,flower,Flower,bush,,Flower,
,plant,Plant,,,,
GAsEU2H1.png,flower,Flower,flower,Flower,flower,
,plant,Plant,plant,Plants,garden,
,blossom,,,,plant,
,,,,,blossom,
GBSztbDR.png,Human,Human,camera,Human,Camera,
,Man,Man,man,,Human,
,Camera,Camera,human,,Turban,
,Selfie,Dastar,,,Male,
gx8Ivlr7.png,Couple,Couple,couple,human,Resturant,
,Streetlife,Street,bar,indoor,couple,
,Evening,Restaurant,restaurant,,street,
,Love,Humans,human,,People,
Hq2PRwHf.png,Man,Man,man,human,Potrait,
,Portrait,Portrait,human,,Male,
,Human,Human,forest,,Human,
,beard,,,,Beard,
HRIDu722.png,Dog,Dog,Doc,dog,Dog,
,portrait,,animal,outdoor,Colar,
,animal,,forest,,Grass,
,,,,,Potrait,
HyRDlr6n.png,Girl,Girl,woman,human,Girl,
,Woman,Woman,garden,plants,Plant,
,snapshot,Portrait,trees,,Jacket,
,tree,Human,,,Snapshot,
hZFzX6tN.png,Man,Man,man,cars,Man,
,Beerpong,Beerpong,streets,human,Table,
,table,Human,game,outdoor,Cups,
,cups,,,,Pingpong,
iB4bryDl.png,house,Wall,building,outdoor,Building,
,bulding,House,street,building,Trees,
,,Buildung,trees,,,
,city,,,,,
imyyw77u.png,landscape,Landscape,park,outdoor,Park,
,lake,Lake,lake,plants,Lake,
,park,Park,lawn,,Landscape,
,water reflection,,,,Grass,
InXetlKB.png,Woman,Woman,woman,human,Female,
,portrait,Nature,forest,plants,Photoshoot,
,photoshooting,Human,human,,Nature,
,,,,,Waterfall,
iR11xmm6.png,waterfalls,Waterfalls,waterfall,outdoor ,Rocks,
,woman,Woman,woman,human,Woman,
,rock,Rock,forest,,,
,nature,Montain,rocks,,,
IRNeuPY7Fs.png,man,Man,man,human,Boy,
,,Tree,human,outdoor,Photoshoot,
,portrait,Portrait,park,,Plant,
,photoshooting,Human,,,,
isiXY0j2.png,bridge,Bridge,bridge,outdoor,Forest,
,landscape,Forrest,forest,plants,Sunset,
,nature,Trees,railway,,Road,
,sunset,Sunset,,,,
IUY4ozVz.png,,Repair,workshop,indoor,Foundry,
,molding,Workshop,oven,,Oven,
,Oven,Oven,,,Rods,
,foundry,,,,,
j1xXEzjl.png,Man,Man,man,human,Male,
,Boy,Boy,human,indoor,Boy,
,portrait,Portrait,,,Human,
,human,Human,,,Photoshoot,
j7Xr6qTR.png,Man,Man,man,human,,
,photoshooting,Boy,wooden,,Male,
,Portrait,Portrait,human,,Snapshot,
,,Human,,,Human,
jb2OPpkq.png,Portrait,Portrait,lake,human,,
,woman,Woman,rock,outdoor,Girl,
,girl,Girl,woman,plants,Rock,
,water,Lake,human,,Water,
jfvtHMHq.png,landscape,Trees,meadow,outdoor,Medow,
,Meadow,Meadow,forest,plants,Trees,
,grass,Grass,,,Grass,
,green,,,,,
jhoN0GAh.png,flower,Flower,flower,flowers,Rose,
,plant,,,plants,Blooming,
,blossom,,,,Plant,
,,,,,,
jNBwbjpf.png,flower,Flower,flower,flowers,Roses,
,roses,Roses,plants,plants,Hand,
,red,,garden,,Flowers,
,,,,,,
jWHwn57h.png,portrait,Portrait,woman,human,Human,
,woman,Woman,human,,Potrait,
,girl,Girl,,,Female,
,studio,Human,,,Photoshoot,
jWmtaMHD.png,portrait,Portrait,man,human,,
,man,Man,human,outdoor,Man,
,,Human,skyline,,Male,
,city,City,,,Human,
jYXigTxy.png,street,Street,street,human,Girl,
,BMX,Bike,woman,outdoor,Bicycle,
,city,Woman,bike,cars,Street,
,urban,Human,skyline,,City,
K6Zzjawc.png,Woman,Woman,woman,human,Female,
,portrait,Nature,human,outdoor,Stairs,
,,Human,,,Backside,
,black,,,,Shrubs,
KK8BVNDT.png,stairs,Stairs,couple,human,Adults,
,Marriage,Marriage,building,outdoor,Mansion,
,couple,Couple,wedding,building,Stairs,
,building,Building,,,Marriage,
KoUS8MUu.png,lake,Lake,lake,outdoor,Lake,
,sunset,Sunset,forest,plants,Sunset,
,,Sky,dusk,,Sky,
,,,,,,
kPVkAyrY.png,Flower,Flower,flower,flowers,Flower,
,yellow,,dew,,Dew,
,plant,,,,Blooming,
,blossom,,,,,
kqFfRw0s.png,building,Building,building,building,Building,
,architecture,Sky,urban,outdoor,Sky,
,sky,,,,Wall,
,,,,,,
KqXeI8YB.png,woman,Human,woman,human,Jewellry,
,portrait,Woman,human,,Female,
,gold chain,Portait,jewllery,,Photoshoot,
,,,,,,
kyQ2yLJO.png,,Human,woman,human,,
,woman,Woman,building,outdoor,Woman,
,portrait,Portait,human,building,Corridor,
,,,,,Potrait,
L89OcRuX.png,landscape,Landscape,coast,outdoor,Seaside,
,sea,Sea,mountains,water,Forest,
,view,Lake,forest,plants,Beach,
,,Road,skyline,,,
lbJ9bk0k.png,tree,Tree,tree,human,Woman,
,forest,Forest,woman,plants,Tree,
,autumn,Woman,human,outdoor,Autumn,
,,Human,,,,
lDGCNIdULi.png,man,Man,man,human,Male ,
,suit,Human,human,outdoor,Suit,
,,Boy,garden,plants,Snapshot,
,portrait,Portait,,,,
LfTAP6mC.png,man,Man,man,human,Man,
,,Human,human,outdoor,Male,
,beard,Boy,,,Adult,
,portrait,Portait,,,,
LsKt0JiE.png,flower,Flower,garden,indoor,Nursery,
,plants,Plants,flower,plants,Flower,
,glasshouse,,plant,flower,GreenGlass,
,,,,,,
LWrPSUGL.png,building,Building,building,building,Infrastructure,
,facade,Facade,architecture,outdoor,Building,
,architecture,,,,Facade,
,,,,,,
MuzYhuKsV6.png,building,Building,building,building,Chruch,
,church,Church,church,outdoor,Buliding,
,,,,plants,,
,,,,,,
myOVtxk2.png,man,Man,man,human,Male ,
,,Human,human,indoor,Potrait,
,portrait,Portait,mosiac,,Snapshot,
,mosaik,,,,,
NCieZQsu.png,horizon,Horizon,skyline,outdoor,Aerial View,
,sunset,Sunset,river,,Clouds,
,clouds,Lakes,cloudes,,City,
,view,,aerial,,,
nI8qfDOzfs.png,Cat,Cat,animal,animal,Animal,
,lynx,lynx,lynx,,Cat,
,wildcat,Wildcat,,,WildCat,
,animal portrait,,,,,
Npu9rXIe.png,man,Man,man,human,HomoSapian,
,,Human,human,plants,Snapshot,
,portrait,Portait,stairs,,,
,happieness,,,,Shrubs,
nv0a6iSz.png,meadow,Meadow,meadow,plants,Field,
,flowers,Flower,flowers,flowers,Flower,
,plant,Plant,,outdoor,Plants,
,,Grass,,,,
nvlANjdbd6.png,fire,Fire,man,human,Fire,
,man,Man,fire,outdoor,Man,
,,Human,human,,Jugglers,
,juggling,,chain,,,
nW0D1IyP.png,lake,Lake,mountains,water,Boats,
,sea,Sea,forests,outdoor,Lake,
,boat,Boat,boat,,Sea,
,landscape,Montain,sea,,,
nwsa6vQR.png,mountain,Montain,mountain,outdoor,Pyramid,
,landscape,Landscape,clouds,,Sunrise,
,sunset,Pyramid,,,Landscape,
,view,,,,,
oMQIIlkmQs.png,flower,Flower,fence,flower,Flower,
,grass,Grass,flower,outdoor,Plant,
,blossom,,,,,
,,,,,,
oMvb4N1U.png,sky,Sky,sky,night,Seashore,
,sunset,Sunset,coast,outdoor,Sea,
,evening,Horizon,clouds,,Evening,
,sea,Sea,,,,
oSFm1qls.png,architecture,Bridge,tower,building,Tower,
,building,Building,,outdoor,Building,
,,Tower,,,Structure,
,,Sky,,,,
p1YUESDg.png,firest,Forrest,forest,plants,Wood,
,wood,Trees,woods,outdoor,Forest,
,trees,,trees,,Trees,
,,,,,,
p5atvZRX.png,city,City,street,outdoor,City,
,street,Street,building,building,Buildings,
,urban,Buildings,traffic,night,Road,
,long exposure,,,,,
p5UHDR4B.png,portrait,Portrait,woman,human,Woman,
,woman,Woman,forest,,Topshot,
,,Human,human,,Human,
,photoshooting,,,,,
p7AcQyu4.png,house,House,house,outdoor,House,
,christmas house,Building,fireworks,plants ,Lighting,
,firework,,,building,Trees,
,,,,,,
P7DvpTbO.png,mountain,Montain,mountains,outdoor,Mountains,
,forrest,Forrest,forest,mountain,Trees,
,landscape,Landscape,,plants,Landscape,
,view,,,,,
PBftIQuS.png,,Grass,mountains,mountain,Plain,
,mountain,Montain,desert,outdoor,Mountain,
,sunset,Sky,,,Sunset,
,landscape,Landscape,,,Potrait,
Pdk7EOAN.png,portrait,Portrait,woman,human,Adult,
,woman,Woman,human,outdoor,Female,
,,Human,garden,plants,Women,
,photoshooting,,,,,
PekClLmT.png,lock,Lock,lock,,Lock,
,Dexter,,,text,Name,
,,,,,,
,,,,,,
phLN04FA.png,building,Building,building,building,,
,play of colord,Street,garden,outdoor,Apartments,
,,Trees,,plant,Building,
,architecture,,,,,
png94Aoo.png,sea,Sea,water,water,River,
,lake,Lake,,outdoor,Water,
,water,Water,,,Pond,
,blue,,,,Lake,
pqpowjWytV.png,portrait,Portait,forest,outdoor,Night,
,hight,Night,stars,night,Meadow,
,nature,Grass,,plant,Human,
,photoshooting,Field,,,,
r8va3t5s.png,street,Street,,human,Billboards,
,urban,Advertising board,,night,Street,
,city,City,,outdoor,People,
,chinatown,,,building,,
RR0kaogm.png,monument,Monument,statue,outdoor,Statue,
,stature,Stature,building,,Monument,
,church,,,,,
,,,,,,
rsfnjiLK.png,,Man,man,human,Corridor,
,boy,Boy,human,indoor,Boy,
,photoshooting,Human,,,Male,
,corridor,Corridor,,,,
RTteaWRH.png,nature,Nature,tree,outdoor,,
,leaves,Leaf,,plants,Leaves,
,shrub,Shrub,,,Plants,
,sun,,,,,
rTZ2kCFZ.png,dog,Dog,dog,animal,Dog,
,snow,Snow,snow,dog,Snow,
,winter,Winter,,outdoor,Winter,
,landscape,,,snow,Potrait,
RV2ohLWa.png,monument,Monument,artwork,outdoor,,
,artwork,Artwork,building,,Artwork,
,architecture,,,,Monumet,
,art,,,,Design,
S8ISSF7y.png,woman,Woman,woman,human,Female,
,portrait,Portait,human,night,Human,
,pregnant,,sea,water,Snapshoot,
,playa,,,,,
S63ETFU7.png,bridge,Bridge,bridge,outdoor,Bridge,
,shrub,Shrub,forest,plants,Shrubs,
,nature,Nature,,,Forest,
,forest,,,,,
sfk3xiQF.png,,Woman,woman,human,Young,
,portrait,Portait,human,,Female,
,girl,Girl,,,Human,
,photoshooting,Human,,,,
sIRg3bxV.png,street,Street,bridge,water,Night,
,bridge,Bridge,street,night,River,
,lights,Lights,traffic,,Bridge,
,water,,,,,
SmVALmIE.png,surfer,Surfer,ocean,human,Surfing,
,sea,Sea,cliff,outdoor,Tides,
,wave,Wave,surfing,water,Sea,
,water,Montain,,,,
SNx8RfoB.png,leav,Leav,plant,plant,Leaf,
,shrub,Shrub,leaves,outdoor,Shrub,
,plant,,,,Plant ,
,,,,,Nature,
st8rpLhL.png,man,Man,man,human,,
,,Human,human,,Male,
,portrait,Portait,,,Potrait,
,photoshooting,,,,Human,
syEnsfOi.png,sky,Sky,fence,outdoor,,
,,Balcony,fog,,Fog,
,fog,Fog,,,Sky,
,clouds,,,,RoofTop,
SysAwAyC.png,church,Church,church,building,Sunset,
,building,Building,building,night,Chruch,
,lake,Lake,lake,,Lake,
,sunset,Sunset,,,Evening,
t4bWTXvcYK.png,girl,Girl,woman,human,Female,
,,Woman,human,plants,Women,
,photoshooting,Human,,,Human,
,portrait,Portait,,,Potrait,
T8m5vOOh.png,hut,Hut,hedge,outdoor,Hut,
,hedge,Hedge,cabin,plant,Forest,
,,,,building,,
,,,,,,
Tatbt7GF.png,photoshooting,Human,man,human,Male,
,portrait,Portait,human,,Tattoed,
,tattoo,Tattoo,tattoo,,Human,
,tunnels,,,,,
tOdxgRa3.png,portrait,Portait,woman,outdoor,Woman,
,woman,Woman,human,human,FlowerField,
,plant,Human,lavender,plants,Meadow,
,lavendel,Flowers,,flower,,
trqsuJYz.png,skyline,Skyline,skyline,night,Sunset,
,sunset,Sunset,,outside,City,
,city,,,,Skyline,
,,,,,,
u7ncOHkN.png,flowers,Flowers,bush,flower,Flower,
,roses,Roses,garden,plants,YellowRoses,
,bed,Nature ,rose,,Nature,
,yellow,,,,,
ujrogeR3.png,portrait,Portait,man,human,Mlae,
,,Human,human,outdoor,Potrait,
,man,Man,,,Mountains,
,photoshooting,Montain,,,,
ukDHdzTk.png,park,Park,park,outdoor,Park,
,trees,Trees,garden,plants,Track,
,street,Street,trees,,Trees,
,,,,,,
UPWvipTI.png,,Sea,lake,water,Lake,
,lake,Lake,boat,plants,Yacht,
,boat,Boat,sail,outdoor,Forest,
,landscape,Coast,,,,
UrQOC1ml.png,smartphone,Smartphone,smartphone,outdoor,,
,iPhone,Phone,,plants,Iphone,
,hand,Hand,,,Mobile,
,Apple,,,,Hand,
uul3ykO7.png,mountain,Montain,snow,mountain ,,
,snow,Snow,mountain,snow,Winter,
,winter,Winter,,outdoor,Snow,
,over the clouds,Sky,,,Mountain,
UWcUPcvd.png,wood,Wood,workshop,indoor,,
,craft,Craft,wood,,Workshop,
,carpentry,hall,,,Wood,
,,workshop,,,Tools,
uWqIuxIe.png,house,House,hut,outdoor,House,
,building,Building,lawn,plants,Lawn,
,,Grass,,building,Grass,
,culture,,,,,
uzq8JHcv.png,woman,Woman,woman,human,Female,
,portrait,Portrait,human,,Potrait,
,photoshooting,Girl,,,Human,
,black,Human,,,,
uzUpltzR.png,route,Route,highway,road,,
,landscape,Driveway,farms,,Motorway,
,street,Street,street,,Field,
,horizon,Horizon,,,Farm,
v8BUbM0qzh.png,,Human,human,human,,
,conversation,Conversation,mountains,mountains,Teenagers,
,roof,,fence,,Boy and Girl,
,boy and girl,,,,,
VaD7nRZa.png,forrest,Forrest,forest,plants,Forest,
,trees,Trees,woods,,Wood,
,wood,Wood,,,,this picture is doubled in the dataset
,,Woods,,,Dog,
vdTpgLvv.png,dog,Dog,dog,dog,Animal,
,portrait,,animal,,,
,,,,,,
,,,,,,
vi109UTc.png,sunset,Sunset,skyline,cloud,Sunset,
,city,Skyline,clouds,building,Skyline,
,clouds,Clouds,dusk,night,Clouds,
,sky,Sky,,,,
vwj2tucD.png,flower,Flower,flower,flower,Flower,
,plant,Nature,lily,,Lily,
,blossom,,,,Plant,
,,,,,,
w76UyAAA.png,street,Street,street,building,,
,urban,House,building,road,Road,
,building,Building,urban,,Building,
,,Facade ,,,City,
waIStcBU.png,forrest,Forrest,forest,plants,,
,nature,Trees,trees,forest,Forest,
,landscape,Bridge,bridge,,Pathway,
,path,Path,,,Trees,
WCDgx0hR.png,white roses,Flower,rose,flowers,,
,roses,Nature,plant,,Rose,
,flower,,garden,,Flower,
,plant,,,,Plant,
wjEH5Wse.png,lake,Lake,mountain,mountain,,
,sea,Sea,lake,water,Lake,
,mountain,Montain,clouds,,Mountain,
,landscape,Nature,snow,,Rocks,
Wlm1gZ36.png,nature,Nature,forest,plants,,
,,Bush,trees,,Rain,
,forrest,Forrest,fog,,Plants,
,path,Path,,,,
wOo8ErAp.png,leaf,Leaf,leaves,outdoor,Leafs,
,tree,Tree,tree,leafs,Autumn,
,autumn,Wood,,,,
,,Forrest,,,,
WpMKEZlQ.png,dog,Dog,dog,dog,,
,animal,Animal,animal,,Dog,
,dog portrait,,forest,,animal,
,,,,,forest,
xadCi5HBxc.png,portrait,Portait,woman,human,,
,woman,Woman,human,,Female,
,hat,Hat,,,Human,
,photoshooting,Human,,,,
xbCT8GYB.png,clouds,Fog,human,forest,Clouds,
,,Human,forest,plants,Legs,
,legs,Nature,fog,,Nature,
,cliff,Cliff,,,,
XC3SwDUL.png,woman,Woman,camera,human,Camera,
,portrait,Photo,human,,Human,
,canon ,Camera,woman,,Female,
,,Park,,,,
YDA8oX3r.png,leaf,Leaf,leaves,leaf,Leaf,
,tree,Tree,trees,plants,Tree,
,,Forrest,forest,,,
,nature,,,,,
YEstuk8V.png,portrait,Portait,woman,human,Woman,
,woman,Woman,human,,Human,
,,Human,,,Female,
,photoshooting,,,,,
YN3WBEw4Nm.png,flower,Flowers,roses,flowers,,
,rose,Roses,flowers,,Roses,
,dried up,,,,Rotten,
,,,,,Flower,
YSv3ZMAB.png,coffee,Coffee,man,human,,
,human,Human,human,indoor,Male,
,man,Man,coffee cup,,Cup,
,coffee,Cafe,,,Human,
YXlYNduz.png,sea,Sea,beach,water,,
,sand,Sand,water,,Beach,
,stones,Stones,,,Pebbels,
,water,,,,Water,
ZfmtpDL9.png,portrait,Portait,woman,human,,
,woman,Woman,human,,Female,
,,Human,,,Woman,
,photoshooting,Glasses,,,Potrait,
ZubodrV3.png,cat,Cat,cat,animal ,,
,photoshooting,,animal,cat,Pet,
,animal,,,,Cat,
,,,,,Animal,
ZYf6pW74.png,sun,Sunrise,dawn,moutains,,
,sunset,Sunset,mountains,,Dawn,
,nature,Mountain,lake,,Mountain,
,landscape,Landscape,forest,,Lake,
0AKZCRZA.png,train,Train,train,train,Train,
,industry,Sky,railway,(Means of tranportation),Railway,
,railway,Railway,,,,
,sunset,,,,city,
0cbjzEYU.png,city,City,skyline,city,skyline,
,urban,Sky,urban,buildings,urban,
,skyline,Skyline,clouds,urban,,
,metropole,,,,Flower,
0PYwg4mI.png,flower,Flower,flower,flowers,bloomed,
,plant,Human,bush,,hands,
,blossom,Hands,garden,,,
,,,,,,
1GjI0YIS.png,road,Road,street,road,Road,
,traffic,Street,forest,(means of transportation),Traffic,
,,Route,traffic,,Street,
,,Trees,,,,
1GM0KHq0.png,railway station,Building,railway,BUILDING,Trainstation,
,,Station,building,,Railway,
,track,Railway,,,Building,
,train track,,,,,
1hE4hLmY.png,bridge,Bridge,bridge,bridge,Bridge,
,,Path,fog,,Fog,
,fog,Fog,,,,
,urban,,,,,
1JjDOfGV.png,sea,Sea,ocean,water,,
,lake,Lake,lake,,Ocean,
,water,Water,clouds,,Rocks,
,stone,Stone,rock,,Water,
1qi37zp9.png,portrait,Portait,woman,human,,
,,Woman,human,,Women,
,piercing,Human,,,Female,
,photoshooting,,,,Human,
1U1JtTj5.png,,Human,man,human,,
,,Path,human,,Human,
,puddle,Nature,,,Reflection,
,field,,,,,
1UXZfhm4.png,portrait,Portait,man,human,,
,canada goose,Man,human,water,Man,
,photoshooting,Human,lake,,Lake,
,parka,Smoking,,,Human,
3dvapOjm.png,,Skyscraper,building,urban,urban,
,,Skyline,skyline,building,Skyscraper,
,bridge,City,urban,,Infrastructure,
,urban,Building,,,,
3HtNl6m1.png,road bike,Bike,bike,cycle,Bike,
,cannondale,Chain,,,Chain,
,,Gears,,,,
,gearshift,,,,,
3LMlKF8J.png,giraffe,Giraffe,Giraffe,animal,Animal,
,animals,Animals,animal,,Girrafe,
,,Tower,,,,
,,,,,,
3qJF9mJq.png,portrait,Portait,woman,human,Woman,
,,Woman,human,,Human,
,back light,Human,,,,
,photoshooting,,,,,
3zjXPhH6.png,portait,Portait,baby,human,Baby,
,baby,Baby,man,,Man,
,photoshooting,Human,human,,Human,
,,Child,,,,
4GhWdDgL.png,portrait,Portait,woman,human,Woman,
,woman,Woman,human,,Female,
,photoshooting,Human,,,,
,,House,,,,
5bUMtSIR.png,tree,Fog,tree,plants,,
,sunlight,Tree,fog,forest,Fog,
,nature,Forrest,forest,,Trees,
,,Woods,,,,
5jZ7JEaf.png,church,Church,church,building,,
,,Building,building,,Chruch,
,,Window,,,Building,
,reflection,,,,,
5RvkxlEn.png,sailship,Ship,skyline,water,River,
,clouds,Lake,river,urban,Lake,
,city,Skyline,clouds,,Skyline,
,,Boat,building,,,
5sMX8TjO.png,chair,Chair,chair,chair,,
,armchair,Armchair,indoor,indoor,Chair,
,,Livingroom,plant,,Inside,
,,,,,,
7hELOk55.png,sunset,Forrest,forest,forest,,
,landscape,Sunset,lake,,Forest,
,,Tree,trees,,Lake,
,,Sky,,,,
7OKvzizH.png,portrait,Portait,trees,human,,
,photoshooting,Woman,park,,Potrait,
,,Human,human,,Female,
,,Park,woman,,Human,
8uJvuh9c.png,forrest,Forrest,man,human,,
,man,Human,human,forest,Man,
,hiking,Hiking,forest,,Hiking,
,hillside,Path,,,Hill,
8VsJwN6h.png,nature,Tree,lake,water,,
,bird,Bird,tree,tree,Nature,
,tree,Lake,,,Tree,
,,Sky,,,,
9OjeQH6M.png,portrait,Portait,woman,human,,
,photoshooting,Woman,human,,Human,
,,Human,,,Female,
,,Glasses,,,,
9zHgXPOC.png,band,Men,man,human,Human,
,crew,Human,human,,Man,
,group,Group,group,,People,
,,Crew,,,,
15OshbSL.png,girl,Portait,woman,human,,
,photoshooting,Woman,human,,Woman,
,,Human,garden,,Female,doubled picture in dataset
,nature,Tree,,,Human,
38aOJGmc.png,building,Building,building,building,,
,nature,Facade,urban,,Sky,
,purple,Sky,,,Building,
,,Windows,,,,
61a6Lr0z.png,park,Park ,park,plants,Trees,
,trees,Trees,trees,park,Park,
,autumn,Bank,,,,
,,Way,,,,
76jFmOA9.png,city,Bridge,bridge,urban,URBAN,
,urban,Building,building,building,bridge,
,street,Street,urban,,City,
,,City,,,,
76YyJwJY.png,,Sea,ocean,mountain,Mountain,
,cliff,Cliff,cliff,water,Sea,
,landscape,Sky,mist/fog,,Tides,
,fog,Rock,,,,
571OQBB3.png,camera,Camera,camera,lens,,
,objective,Objective,lens,,Camera,
,photography,Photography,,,,
,nikon,,,,,
912.png,hiking,Hiking,forest,human,,
,nature,Forrest,woman,forest,Forrest,
,trail,Woods,human,,Tracking,
,landscape,Human,,,Female,
1002.png,rock,Rock,mountain,mountain,,
,,Montain,rock,,Rock,
,,Sky,desert,,Mountain,
,desert,,,,Landscape,
1122.png,birds,Birds,birds,animal,,
,nature,Nature,animals,bird,Birds,
,animals,Animals,,,Animal,
,,,,,,
1432.png,chain,Chain,chain,chain,,
,,Sky,,sky,Chain,
,,Metal,,,Metal,
,,,,,,
1952.png,portrait,Portait,man,human,Human,
,photoshooting,Man,human,,Man ,
,,Human,,,Snapshot,
,,Boy,,,,
2372.png,couple,Couple,couple,human,,
,sunset,Sunset,dusk,water,Sunset,
,landscape,Bank,lake,,Couple,
,sundowner,Lake,,,People,
2462.png,plant,Flower,flower,flower,,
,flower,Seed,,,Flower,
,blossom,,,,Seed,
,,,,,Blooming,
2482.png,sunset,Lake,lake,water,,
,landscape,Montains,mountains,,Dusk,
,nature,Sky,,,Lake,
,,Clouds,,,,
2492.png,flowers,Flowers,flower,flower,Petals,
,plant,,,,Flower,
,nature,,,,Nature,
,,,,,,
2572.png,stairs,Stairs,stairs,indoor,Stairs,
,building,Hall,,,,
,stairwell,,,,,
,,,,,,
2632.png,portrait,Portait,woman,human,,
,photoshooting,Woman,human,plants,Woman,
,,Human,forest,,Female,
,,Girl,,,Forest,
2712.png,water,River,waterfall,water,,
,waterfall,Waterfall,forest,forest,Waterfall,
,nature,Nature,,,Forest,
,,Forrest,,,,
2952.png,sunset,Sunset,lake,dusk,,
,landscape,Sky,dusk,plants,Dusk,
,sundowner,Lake,,,Lake,
,sky,,,,Sunset,
3342.png,bus,Bus,traffic,light,,
,travel,Night,bus,indoor,Bus,
,night,Human,indoor,,Indoor,
,driving,,,,People,
3732.png,portrait,Portait,man,human,,
,photoshooting,Man,human,,Man,
,,Human,,,Human,
,,Sunglasses,,,,
3892.png,urban,Path,street,road,Lamp,
,way,Way,lamp,sky,Street,
,,Lantern,meadow,,Meadow,
,,Park,,,,
4112.png,wave,Wave,sea,water,Beach,
,sea,Sea,beach,,Ocean,
,water,Water,,,,
,,,,,,
4342.png,architecture,Facade,building,building,City,
,history,Building,urban,urban,Urban,
,,House,,,,
,,Statue,,,,
4532.png,path,Path,street,chains,Lake,
,trail,Fence,fence,,Trail,
,,Grass,lake,,Fence,
,,,,,,
4542.png,castle,Castle,building,building,,
,forrest,Forrest,forest,forest,Building,
,,Way,street,,Castle,
,,Building,castle,,Forest,
5022.png,,Castle,building,building,,
,building,Building,castle,,Building,
,history,,,,Castle,
,,,,,,
5392.png,sky,Sky,clouds,sky,Clouds,
,sun,Clouds,skyline,clouds,Skyline,
,clouds,,street,,Street,
,city,,,,,
a1Zj8R9J.png,Muscle-Car,Car,engine,car,Engine,
,tuning,Motor,car,,Car,
,machine,Machine,,,,
,,,,,,
AfQjsi4W.png,pole,Pole,wires,sky,Poles,
,electricity,Powerpole,poles,pole,Clouds,
,,Wires,clouds,,Wire,
,,Cables,,,,
aI3134Gxqs.png,flower,Flower,flowers,flowers,,
,plant,Plant,plant,,Flowers,
,nature,,garden,,Plants,
,blossom,,,,,
aNnbkReO.png,portrait,Portait,woman,human,,
,,Woman,human,,Female,
,,Human,,,Human,
,photoshooting,,,,,
Aou9FnAk.png,street,Street,street,road,City,
,building,Bridge,building,building,Building,
,city,Skyscraper,urban,,Street,
,urban,Sky,,,,
aq7UpMwwxj.png,portrait,Portait,woman,human,,
,photoshooting,Woman,human,woods,Woman,
,woman,Human,indoor,,Inside,
,,,,,Human,
ArTcMtzr.png,underground,Humans,street,human,City,
,britain,City,building,building,Crowd,
,city,City centre,urban,,Building,
,urban,pedestrian zone,crowd,,,
AVCp2OuH.png,architecture,Building,building,building,,
,building,House,lawn,,Building,
,,Tower,,,Grass,
,,Architecture,,,,
C2sW02Pb.png,moss,Moss,hedge,plant,,
,nature,Nature,bush,,Shrubs,
,plant,Forrest,,,Moss,
,natural,,,,,
C5dRF6Bx.png,urban,Skyline,street,building,Road,
,city,Buildings,bridge,,Buildings,
,,Bridge,buildings,,Bridge,
,,,urban,,,
CA0apLYe.png,portrait,Portait,woman,human,,
,photography,Woman,human,flowers,Female,
,,Human,flowers,,Human,
,,Flowers,,,Snapshot,
Cc00ToIMR8.png,portrait,Portait,woman,human,,
,photography,Woman,human,,Woman,
,model,Human,hedge,,Potrait,
,,Hedge,,,Human,
CIVzV3mb.png,urban,Hallway,indoor,indoor,,
,city,Undergroud,urban,,Tunnel,
,,,,,Indoor,
,,,,,Underground Path,
Ck4khjdQ.png,portrait,Portait,woman,human,,
,woman,Woman,human,,Female,
,,Human,,,Human,
,photoshooting,,,,Woman,
CmpRCo4s.png,car,Car,car,human,,
,rain,Street,dew,,Dew,
,traffic,Human,human,,Car,
,reflection,,traffic,,Human,
cSCqquLSO7.png,sky,Sky,stars,sky,,
,night,Human,car,human,Night,
,view,Car,human,car,Stars,
,star,Stars,man,,Car,
cWgtknxT.png,portrait,Portait,woman,human,Human,
,,Woman,human,flower,,
,photoshooting,Human,flowers,,Female,
,flowers,Flowers,,,Flower,
D6ooFFsb.png,racing,Car,car,car,Road,
,sport,Race,racecar,road,,
,car,racecar,circuit,,Race course,
,formula1,Circuit,fence,,Car,
DApUfYfM.png,church,Church,church,sky,,
,religion,Building,clouds,building,Building,
,,Architecture,urban,,Chruch,
,,Tower,building,,City,
DFxh5iCv0V.png,portrait,Portait,woman,human,,
,photoshooting,Woman,human,,Female,
,,Human,indoor,,Human,
,,Girl,,,Inside,
dYALjrEi.png,bridge,Path,meadow,forest,,
,nature,Grass,wood,,Wood,
,path,Wood,forest,,Bridge,
,,Way,,,Forest,
e6F1B4Nu.png,café,coffee shop,indoor,human,,
,music,Man,man,indoor,Cafe,
,,Shop,human,,Man,
,,Human,,,Inside,
eD80tfb0.png,eggs,Easter,pie,food,,
,cake,Bunny,food,,Pie,
,,Easternest,,,Bunny,
,,,,,Food,
emEWx4JF.png,portrait,Portait,man,human,Man,
,selfie,Man,human,,Human,
,,Human,indoor,,,
,,,,,,
EPZR1fy0.png,reflections,Human,glass,water,Sphere,
,glass sphere,River,forest,,Reflection,
,,Glass,river,,Hand,
,,Hand,,,,
EVyObaim.png,,Sky,dusk,pole,,
,,Clouds,clouds,skyt,Clouds,
,view,Tree,trees,cloud,Trees,
,sunset,,,,Sunset,
eZOixM83.png,soap,soap bubbles,bubbles,bubbles,,
,childhood,bublles,fence,outdoor,Bubbles,
,,fence,,,Fence,
,,,,,,
f1B2hShN.png,reflection,Lake,lake,water,House,
,landscape,House,mountains,,Lake,
,,Coast,buildings,,Trees,
,,River,clouds,,Reflection,
f59DwMeQ.png,sea,Sea,shack,water,Ocean,
,holiday,Sand,beach,,Beach,
,summer,Bench,sea,,Schak,
,sun,Beach,coast,,,
fDVGdljM.png,electricity,Sky,wires,pole,Wires,
,evening,Sunset,dusk,sky,Sunset,
,,Power pole,tower,,Tower,
,,,,,,
FH6CKJPm.png,flower,Flower,flower,flower,,
,blossom,,garden,plant,Plant,
,,,,,Flower,
,,,,,,
fHkWwhPL.png,city,Street,urban,night,Night ,
,night,Building,street,outdoor,Street ,
,urban,Statue,building,building,Building,
,,,,,,
FRFRsMss.png,grand canyon,Canyon,mountains,mountain,,
,landscape,Mountains,vally,,Mountains,
,rocks,Nature,rock,,Nature,
,,,clouds,,Canyon,